{
    "opts": {
        "encoding": "utf8",
        "destination": "./docs/api/",
        "recurse": true
    },
    "tags": {
        "allowUnknownTags": true,
        "dictionaries": ["jsdoc", "closure"]
    },
    "source": {
        "include": ["./src/", "./src/DestinationNode", "./src/ProcessingNodes", "./src/SourceNodes/"],
        "includePattern": ".+\\.js(doc)?$",
        "excludePattern": "(^|\\/|\\\\)_"
    },
    "plugins": ["plugins/markdown"],
    "templates": {
        "cleverLinks": true,
        "monospaceLinks": false,
        "default": {
            "includeDate": false
        }
    }
}
